<?xml version='1.0' encoding='UTF-8' ?>
<timeLogEntries>
  <time id="44" path="/Projeto/PSP2.1.1/Planning" start="@1558910939000" delta="1" flag="A" />
  <time id="45" path="/Projeto/PSP2.1.1/Design" start="@1558910949000" delta="1" flag="A" />
  <time id="46" path="/Projeto/PSP2.1.1/Design Review" start="@1558910954000" delta="1" flag="A" />
  <time id="47" path="/Projeto/PSP2.1.1/Code" start="@1558910962000" delta="68" flag="A" />
  <time id="48" path="/Projeto/PSP2.1.1/Code Review" start="@1558915056000" delta="1" flag="A" />
  <time id="49" path="/Projeto/PSP2.1.1/Test" start="@1558915115000" delta="111" flag="A" />
  <time id="50" path="/Projeto/PSP2.1.1/Postmortem" start="@1558921389000" flag="A" />
  <time id="51" flag="D" />
</timeLogEntries>
