<?xml version='1.0' encoding='UTF-8' ?>
<timeLogEntries>
  <time id="1" path="/Projeto/PSP0/Planning" start="@1553469398659" delta="1" interrupt="2" />
  <time id="2" path="/Projeto/PSP0/Design" start="@1553469567286" delta="1" />
  <time id="3" path="/Projeto/PSP0/Code" start="@1553469569100" delta="39" />
  <time id="4" path="/Projeto/PSP0/Test" start="@1553471930798" delta="39" />
  <time id="5" path="/Projeto/PSP0/Postmortem" start="@1553474258545" interrupt="1" />
  <time id="6" path="/Projeto/PSP0.1/Planning" start="@1553544869346" delta="6" />
  <time id="7" path="/Projeto/PSP0.1/Planning" start="@1553621212016" delta="8" />
  <time id="8" path="/Projeto/PSP0.1/Design" start="@1553621714521" delta="1" />
  <time id="9" path="/Projeto/PSP0.1/Code" start="@1553621715000" delta="47" />
  <time id="11" path="/Projeto/PSP0.1/Compile" start="@1553624537000" delta="1" />
  <time id="12" path="/Projeto/PSP0.1/Test" start="@1553624537000" delta="21" />
  <time id="13" path="/Projeto/PSP0.1/Postmortem" start="@1553625791000" />
  <time id="14" path="/Projeto/PSP1/Planning" start="@1554834232702" delta="6" />
  <time id="15" path="/Projeto/PSP1/Planning" start="@1554861364130" delta="24" />
  <time id="16" path="/Projeto/PSP1/Design" start="@1554862776233" delta="1" />
  <time id="17" path="/Projeto/PSP1/Code" start="@1554862778358" delta="61" />
  <time id="18" path="/Projeto/PSP1/Code" start="@1555296980764" delta="70" />
  <time id="19" path="/Projeto/PSP1/Compile" start="@1555301194761" delta="3" />
  <time id="20" path="/Projeto/PSP1/Test" start="@1555301385854" delta="28" />
  <time id="21" path="/Projeto/PSP1/Postmortem" start="@1555303089944" />
  <time id="22" path="/Projeto/PSP1.1/Planning" start="@1555976896000" delta="15" />
  <time id="23" path="/Projeto/PSP1.1/Design" start="@1555977802000" delta="1" />
  <time id="24" path="/Projeto/PSP1.1/Code" start="@1555977804000" delta="47" />
  <time id="25" path="/Projeto/PSP1.1/Test" start="@1555980630000" delta="12" />
  <time id="26" path="/Projeto/PSP1.1/Postmortem" start="@1555981351000" />
</timeLogEntries>
