<?xml version='1.0' encoding='UTF-8' ?>
<timeLogEntries>
  <time id="35" path="/Projeto/PSP2.1/Planning" start="@1557272931000" delta="1" flag="A" />
  <time id="36" path="/Projeto/PSP2.1/Design" start="@1557272936000" delta="1" flag="A" />
  <time id="37" path="/Projeto/PSP2.1/Design Review" start="@1557272937000" delta="1" flag="A" />
  <time id="38" path="/Projeto/PSP2.1/Code" start="@1557275283000" delta="39" flag="A" />
  <time id="39" path="/Projeto/PSP2.1/Code Review" start="@1557275285000" delta="2" flag="A" />
  <time id="40" path="/Projeto/PSP2.1/Test" start="@1557275427000" delta="22" flag="A" />
  <time id="41" path="/Projeto/PSP2.1/Postmortem" start="@1557275767000" flag="A" />
  <time id="42" path="/Projeto/PSP2.1/Code Review" start="@1557275704000" delta="43" flag="A" />
  <time id="43" path="/Projeto/PSP2.1/Test" start="@1557275766000" delta="12" flag="A" />
  <time id="34" start="@1557246990000" flag="M" />
</timeLogEntries>
